{"metadata": {"day": "2021-01-01", "directed": false, "weighted": false}, "number_of_nodes": 79194, "number_of_edges": 468628, "clustering_coefficient": 0.01254703173454287, "num_cpus": [1, 1, 1, 1, 1, 1, 1], "sample_size": [1729, 6812, 10954, 13975, 23642, 21381, 23327], "time": [58.81762909889221, 890.0873186588287, 2422.7564635276794, 4028.359517812729, 9942.942014217377, 9139.423110485077, 8727.14613699913], "ASPL": [27.958475247948932, 16.30599993982309, 11.820180657704544, 10.209489732145029, 12.455955886336197, 9.43191684791875, 13.517842786599848]}