{"metadata": {"day": "2020-01-01", "directed": true, "weighted": false}, "number_of_nodes": 60938, "number_of_edges": 442742, "clustering_coefficient": 0.000126955976844238, "num_cpus": [32, 32], "num_links": [3707896576, 3708261963], "time": [5449.34220123291, 7304.403343200684], "ASPL": [5.779340365021012, 5.781394915707577]}