{"metadata": {"day": "2020-10-01", "directed": true, "weighted": false}, "number_of_nodes": 120135, "number_of_edges": 1099188, "clustering_coefficient": 7.403094846296834e-05, "num_cpus": [32], "num_links": [14429415014], "time": [26465.098683595657], "ASPL": [5.534589719230873]}