{"metadata": {"day": "2021-09-01", "directed": true, "weighted": false}, "number_of_nodes": 44028, "number_of_edges": 274560, "clustering_coefficient": 0.007062225791902761, "num_cpus": [32], "sample_size": [44028], "num_links": [609965113], "time": [1127.5177597999573], "ASPL": [11.108098552842971]}