{"metadata": {"day": "2021-07-01", "directed": true, "weighted": false}, "number_of_nodes": 59079, "number_of_edges": 446104, "clustering_coefficient": 0.003785999327842525, "num_cpus": [32], "sample_size": [59079], "num_links": [1210164009], "time": [2045.883781194687], "ASPL": [11.327401634037523]}