{"metadata": {"day": "2021-08-01", "directed": true, "weighted": false}, "number_of_nodes": 47769, "number_of_edges": 312177, "clustering_coefficient": 0.00013619099253672998, "num_cpus": [0], "num_links": [0], "time": [0], "ASPL": [5.931998615200107]}