{"metadata": {"day": "2021-06-01", "directed": true, "weighted": false}, "number_of_nodes": 94753, "number_of_edges": 441391, "clustering_coefficient": 4.1794513472285185e-05, "num_cpus": [0, 0, 0, 32], "num_links": [0, 0, 0, 8801442756], "time": [0, 0, 0, 13461.133918523788], "ASPL": [7.57227442761524, 7.560469323674655, 7.555713071798791, 7.601209252811733]}