{"metadata": {"day": "2021-04-05", "directed": true, "weighted": false}, "number_of_nodes": 69447, "number_of_edges": 371753, "clustering_coefficient": 0.011913071884084043, "num_cpus": [32], "sample_size": [69447], "num_links": [1654006460], "time": [2263.171763420105], "ASPL": [11.04229269878426]}