{"metadata": {"day": "2021-01-01", "directed": true, "weighted": false}, "number_of_nodes": 79184, "number_of_edges": 468113, "clustering_coefficient": 7.127828731991942e-05, "num_cpus": [32], "num_links": [6234049928], "time": [9645.187589883804], "ASPL": [6.549291391077867]}