{"metadata": {"day": "2021-02-01", "directed": true, "weighted": false}, "number_of_nodes": 67624, "number_of_edges": 321277, "clustering_coefficient": 0.016394644862378085, "num_cpus": [32], "sample_size": [67624], "num_links": [1461267150], "time": [2122.1489386558533], "ASPL": [11.184924274113737]}