{"metadata": {"day": "2021-04-04", "directed": true, "weighted": false}, "number_of_nodes": 71441, "number_of_edges": 411201, "clustering_coefficient": 0.01030355914331389, "num_cpus": [32], "sample_size": [71441], "num_links": [2133292443], "time": [3511.09059548378], "ASPL": [10.654352652670978]}