{"metadata": {"day": "2021-07-01", "directed": true, "weighted": false}, "number_of_nodes": 59079, "number_of_edges": 447242, "clustering_coefficient": 0.00013059311810589638, "num_cpus": [0], "num_links": [0], "time": [0], "ASPL": [5.642419637310559]}