{"metadata": {"day": "2021-01-01", "directed": false, "weighted": false}, "number_of_nodes": 79184, "number_of_edges": 467248, "clustering_coefficient": 0.012548616275830824, "num_cpus": [32, 32, 32, 32, 32, 1, 1, 1, 1, 1, 1, 1, 32, 32, 32, 32, 32, 32, 32], "sample_size": [7518, 14396, 20504, 26111, 31236, 1729, 6812, 10954, 13975, 23642, 21381, 23327, 7918, 7918, 7918, 7918, 63347, 71265, 79184], "num_links": [2699962.0, 43405544.0, 126306196.0, 241459036.0, 387894342.0, -1, -1, -1, -1, -1, -1, -1, 3507950, 2208164, 3298442, 3011764, 3331602280, 4587738748, 5846563138], "time": [4.125800371170044, 62.04304122924805, 189.38910746574402, 370.3795907497406, 623.7136886119843, 58.81762909889221, 890.0873186588287, 2422.7564635276794, 4028.359517812729, 9942.942014217377, 9139.423110485077, 8727.14613699913, 5.231010675430298, 3.5910825729370117, 5.174060583114624, 4.833916664123535, 6948.776502132416, 10919.57835316658, 12402.818019151688], "ASPL": [18.87530639320109, 14.526893707402907, 11.400334232217713, 9.965337317092578, 9.708643484157859, 27.958475247948932, 16.30599993982309, 11.820180657704544, 10.209489732145029, 12.455955886336197, 9.43191684791875, 13.517842786599848, 19.03477871691444, 17.156227526578643, 18.569032288577457, 15.821318004996407, 9.637382438698536, 9.279434601318323, 8.98942293266311]}