{"metadata": {"day": "2021-12-01", "directed": true, "weighted": false}, "number_of_nodes": 37708, "number_of_edges": 158670, "clustering_coefficient": 0.009798016260144171, "num_cpus": [32], "sample_size": [37708], "num_links": [248080232], "time": [684.1864478588104], "ASPL": [12.431109565392537]}