{"metadata": {"day": "2021-06-01", "directed": true, "weighted": false}, "number_of_nodes": 94753, "number_of_edges": 441681, "clustering_coefficient": 0.005988167200650623, "num_cpus": [32], "sample_size": [94753], "num_links": [1375450909], "time": [1891.8477666378021], "ASPL": [13.221801375100913]}