{"metadata": {"day": "2021-08-01", "directed": true, "weighted": false}, "number_of_nodes": 47769, "number_of_edges": 312435, "clustering_coefficient": 0.004752688539794774, "num_cpus": [32], "sample_size": [47769], "num_links": [560138820], "time": [872.7972481250763], "ASPL": [12.516410339137002]}