{"metadata": {"day": "2021-04-02", "directed": true, "weighted": false}, "number_of_nodes": 75090, "number_of_edges": 394019, "clustering_coefficient": 0.011519644976154316, "num_cpus": [32], "sample_size": [75090], "num_links": [2291278190], "time": [3415.4826607704163], "ASPL": [10.862803276628753]}