{"metadata": {"day": "2021-04-03", "directed": true, "weighted": false}, "number_of_nodes": 84615, "number_of_edges": 547509, "clustering_coefficient": 0.008190243537197665, "num_cpus": [32], "sample_size": [84615], "num_links": [3767117553], "time": [7484.474120378494], "ASPL": [9.90034892946172]}