{"metadata": {"day": "2021-11-01", "directed": true, "weighted": false}, "number_of_nodes": 59992, "number_of_edges": 336776, "clustering_coefficient": 0.005772725471560819, "num_cpus": [32], "sample_size": [59992], "num_links": [1513960060], "time": [2425.3866980075836], "ASPL": [13.073648641695343]}