{"metadata": {"day": "2021-03-01", "directed": true, "weighted": false}, "number_of_nodes": 67618, "number_of_edges": 349209, "clustering_coefficient": 0.008328484338286089, "num_cpus": [32], "sample_size": [67618], "num_links": [1994765440], "time": [2974.7591512203217], "ASPL": [10.852711619567662]}