{"metadata": {"day": "2021-04-06", "directed": true, "weighted": false}, "number_of_nodes": 72291, "number_of_edges": 390851, "clustering_coefficient": 0.009068595941872027, "num_cpus": [32], "sample_size": [72291], "num_links": [2169727345], "time": [3308.3016777038574], "ASPL": [10.616659045240544]}