{"metadata": {"day": "2021-01-01", "directed": true, "weighted": false}, "number_of_nodes": 79184, "number_of_edges": 467365, "clustering_coefficient": 0.00637100343456384, "num_cpus": [32, 32, 32, 32, 32, 32, 32, 32, 32, 32, 32, 32, 32, 32, 32, 32, 32, 32, 32, 32, 32, 32, 32, 32, 32, 32, 32, 32, 32, 32, 32, 32, 32, 32, 32, 32, 32], "sample_size": [7523, 14335, 20560, 26128, 31076, 35699, 39755, 31150, 35700, 39732, 43629, 46993, 39592, 47510, 55428, 63347, 71265, 3959, 3959, 3959, 7918, 7918, 7918, 47510, 55428, 63347, 71265, 79184, 51469, 64930, 79184, 79184, 22171, 25338, 43551, 57012, 79184], "num_links": [39750.0, 2107236.0, 14629356.0, 37725607.0, 94879534.0, 105835716.0, 156855214.0, 68004462.0, 100898816.0, 192709331.0, 449874841.0, 222700063.0, 136419351, 468901630, 357856471, 854727660, 1821477788, 2667, 2193, 1983, 30064, 38589, 27728, 228530905, 356293222, 1042120578, 1802257356, 2376693995, 487431630, 1395154820, 2376693995, 2376693995, 23065268, 38135925, 176901104, 828299511, 2376693995], "time": [0.4943721294403076, 2.3368732929229736, 14.082392454147339, 42.26336359977722, 105.68258810043335, 128.07998871803284, 179.90622639656067, 79.51501369476318, 119.27158451080322, 224.8112988471985, 539.0750870704651, 291.1060039997101, 164.63621258735657, 568.3124847412109, 476.79408502578735, 1168.8657138347626, 2607.749678850174, 0.431262731552124, 0.4262850284576416, 0.4478168487548828, 0.5132946968078613, 0.5000193119049072, 0.522620677947998, 275.02374482154846, 477.17848920822144, 1439.5129697322845, 2570.8817551136017, 3527.9497351646423, 612.8935739994049, 1902.676881313324, 3522.0978393554688, 3527.3633909225464, 23.19947075843811, 41.43167209625244, 208.94266390800476, 1101.5291323661804, 4315.20644068718], "ASPL": [6.606440251572327, 11.498558301016118, 13.591999606817962, 11.826475078320145, 12.501666017879051, 10.386445006901074, 10.27741109708983, 11.210887838506832, 10.211156679975312, 11.992353265966141, 15.434448575887354, 9.265860508535194, 9.80967225830007, 11.385863580811183, 8.725662825865177, 12.819747340339962, 11.073830099870534, 2.3614548181477315, 1.68718650250798, 1.8113968734241048, 5.044837679616817, 5.020498069398015, 5.927005193306405, 9.187355775797588, 8.794228777105392, 12.611066821290617, 11.302992617664755, 10.89379708051141, 11.304944166220809, 11.445915513519854, 10.89379708051141, 10.89379708051141, 13.025756735191631, 11.6395274010005, 9.179158084847225, 11.441612258781111, 10.89379708051141]}