{"metadata": {"day": "2022-01-10", "directed": true, "weighted": false}, "number_of_nodes": 57862, "number_of_edges": 310994, "clustering_coefficient": 0.007388270065766547, "num_cpus": [32], "sample_size": [57862], "num_links": [830721009], "time": [1151.5769913196564], "ASPL": [12.60124422831348]}