{"metadata": {"day": "2021-05-01", "directed": true, "weighted": false}, "number_of_nodes": 90325, "number_of_edges": 372360, "clustering_coefficient": 4.8459098938576636e-05, "num_cpus": [32], "num_links": [7888369262], "time": [9788.536578893661], "ASPL": [8.189098835571219]}