{"metadata": {"day": "2020-01-01", "directed": true, "weighted": false}, "number_of_nodes": 60938, "number_of_edges": 442742, "clustering_coefficient": 0.0001139867283942115, "num_cpus": [32], "num_links": [3707896576], "time": [5449.34220123291], "ASPL": [5.779340365021012]}