{"metadata": {"day": "2021-09-01", "directed": true, "weighted": false}, "number_of_nodes": 44028, "number_of_edges": 274055, "clustering_coefficient": 0.00014377061905823993, "num_cpus": [0], "num_links": [0], "time": [0], "ASPL": [6.032045043356743]}