{"metadata": {"day": "2021-10-01", "directed": true, "weighted": false}, "number_of_nodes": 53678, "number_of_edges": 348220, "clustering_coefficient": 0.00012146570140942311, "num_cpus": [32], "num_links": [2872424110], "time": [4806.188241481781], "ASPL": [6.037016655942217]}