{"metadata": {"day": "2020-05-01", "directed": true, "weighted": false}, "number_of_nodes": 122102, "number_of_edges": 1110832, "clustering_coefficient": 7.432924062227125e-05, "num_cpus": [32], "num_links": [14904380954], "time": [26622.272655010223], "ASPL": [5.555664708219722]}