{"metadata": {"day": "2021-01-01", "directed": false, "weighted": false}, "number_of_nodes": 79194, "number_of_edges": 468628, "clustering_coefficient": 0.01254703173454287, "num_cpus": [1], "sample_size": [1729], "time": [58.81762909889221], "ASPL": [27.958475247948932]}