{"metadata": {"day": "2021-01-01", "directed": true, "weighted": false}, "number_of_nodes": 79194, "number_of_edges": 468745, "clustering_coefficient": 0.0063701989539927655, "num_cpus": [1, 1, 1, 1], "sample_size": [1596, 6860, 10826, 14900], "time": [0.2310636043548584, 9.373352289199829, 52.54592442512512, 138.26602911949158], "ASPL": [0.04727610562456298, 0.9267685367525887, 1.8593660544348585, 1.9965790596278927]}